{"chunk_definitions":[{"row":84,"row_count":1,"visible":true,"expansion_state":0,"options":{"engine":"r","label":"setup","include":false},"document_id":"A4825BCB","chunk_id":"csetup_chunk","chunk_label":"setup"},{"row":99,"row_count":1,"visible":true,"expansion_state":0,"options":{"engine":"r","label":"load-packages-data"},"document_id":"A4825BCB","chunk_id":"c51w4d2y69br7","chunk_label":"load-packages-data"},{"row":104,"row_count":1,"visible":true,"expansion_state":0,"options":{},"document_id":"A4825BCB","chunk_id":"c2kmzysm0l64h","chunk_label":"unnamed-chunk-1"},{"row":112,"row_count":1,"visible":true,"expansion_state":0,"options":{},"document_id":"A4825BCB","chunk_id":"clb0ievl8dpej","chunk_label":"unnamed-chunk-2"}],"doc_write_time":1721734149}