{"chunk_definitions":[{"row":84,"row_count":1,"visible":true,"expansion_state":0,"options":{"engine":"r","label":"setup","include":false},"document_id":"A4825BCB","chunk_id":"csetup_chunk","chunk_label":"setup"},{"row":98,"row_count":1,"visible":true,"expansion_state":0,"options":{"engine":"r","label":"load-packages-data"},"document_id":"A4825BCB","chunk_id":"crbaa19mumft5","chunk_label":"load-packages-data"}],"doc_write_time":1722282104,"working_dir":null,"default_chunk_options":{"cache.extra":"NA","echo":false,"include":false,"message":false,"warning":false}}